index,Image,X,Y,Z,Score,longitude,latitude,dTime,outtime
7,PR_20100604_071659_201_LC16.tif,-482.16779639449203,103.58511178206699,56.5590219640984,0.9817123999999999,147.224626829409,-43.615567524553605,3235.366,528.0519999999997
8,PR_20100604_071700_205_LC16.tif,-482.03985198685206,102.97313094939899,56.1959981037417,0.84950614,147.22462841386002,-43.6155730327798,3236.37,529.0559999999996
9,PR_20100604_071706_198_LC16.tif,-480.92046070796897,101.243605903808,56.083747218119996,0.95419294,147.22464227952,-43.615588600121406,3242.363,535.0489999999995
10,PR_20100604_071707_215_LC16.tif,-481.114369175148,100.826026870368,55.965395567021,0.8230844,147.224639876979,-43.615592358423,3243.38,536.0659999999998
11,PR_20100604_071709_209_LC16.tif,-480.22869874205,100.313921004228,55.968755265578096,0.8919673,147.224650848354,-43.615596968211605,3245.3740000000003,538.06
12,PR_20100604_071710_236_LC16.tif,-480.16884570319297,100.065272454288,56.5945264077993,0.8942507,147.224651589602,-43.6155992062155,3246.401,539.0869999999995
13,PR_20100604_071711_243_LC16.tif,-480.188355308151,99.8644394279794,56.492123873049096,0.85721076,147.224651347736,-43.6156010138038,3247.408,540.0939999999996
14,PR_20100604_071712_250_LC16.tif,-478.619247789814,99.5195796028698,56.782682679659395,0.9386991,147.224670785793,-43.615604118730005,3248.415,541.1009999999997
15,PR_20100604_071713_197_LC16.tif,-478.36720022456296,99.1231051165012,56.7900316793602,0.9043984,147.224673907849,-43.6156076873669,3249.362,542.0479999999998
16,PR_20100604_071747_207_LC16.tif,-481.82939413616094,94.56279479794571,56.1434090489861,0.98153234,147.224631013558,-43.6156487302818,3283.3720000000003,576.058
17,PR_20100604_071748_211_LC16.tif,-481.72526330275,94.0509636192993,56.4804058882131,0.9768638000000001,147.224632303093,-43.615653337093896,3284.3759999999997,577.0619999999994
18,PR_20100604_071750_242_LC16.tif,-483.168229102906,93.4251748310115,56.6631845835325,0.9764695999999999,147.224614426821,-43.61565896858129,3286.407,579.0929999999998
19,PR_20100604_071751_221_LC16.tif,-483.122781232804,92.899695892905,56.5478222862032,0.9760976999999998,147.224614989368,-43.6156636981924,3287.386,580.0719999999997
20,PR_20100604_071752_254_LC16.tif,-483.102540840002,92.4627911375132,56.646467195295706,0.98969483,147.22461523972,-43.615667630573796,3288.4190000000003,581.105
21,PR_20100604_071756_228_LC16.tif,-485.387728504869,91.21163831170608,56.6001935979615,0.9707555,147.224586929286,-43.6156788901093,3292.393,585.0789999999997
22,PR_20100604_071757_236_LC16.tif,-485.478046221232,90.93519291592659,56.4624538440504,0.9765203000000001,147.224585810166,-43.6156813782016,3293.401,586.0869999999995
23,PR_20100604_071758_218_LC16.tif,-485.655158030395,90.5582135466651,56.5099431602969,0.98965925,147.22458361573499,-43.615684771095,3294.383,587.0689999999995
24,PR_20100604_071759_249_LC16.tif,-485.944220965112,90.2702883807407,56.318925081931106,0.9282465,147.224580034512,-43.6156873623816,3295.414,588.0999999999999
25,PR_20100604_071825_213_LC16.tif,-486.844611212917,94.6135625578368,56.3134419633493,0.86844987,147.22456888422101,-43.615648270085,3321.3779999999997,614.0639999999994
26,PR_20100604_071826_209_LC16.tif,-486.800642262747,94.86131878188792,56.3545640630388,0.97877353,147.224569429139,-43.6156460401798,3322.3740000000003,615.06
27,PR_20100604_071827_212_LC16.tif,-486.707847743775,95.0239351227795,56.2567397770361,0.973319,147.22457057884,-43.6156445766095,3323.377,616.0629999999996
28,PR_20100604_071827_212_LC16.tif,-486.618787484515,93.9511219151025,56.2342163842849,0.9665853999999999,147.22457168116898,-43.6156542325401,3323.377,616.0629999999996
29,PR_20100604_071828_216_LC16.tif,-486.565552756202,94.12586391027409,56.338343582540595,0.96820307,147.224572340807,-43.6156526598068,3324.381,617.0669999999996
30,PR_20100604_071829_219_LC16.tif,-486.396205155299,94.36626460446242,56.4135344542361,0.8943061999999999,147.224574438931,-43.61565049618711,3325.384,618.0699999999997
31,PR_20100604_071833_206_LC16.tif,-483.485064081941,95.4372780226815,56.43589845419021,0.9831949000000001,147.224610503611,-43.615640858408796,3329.3709999999996,622.0569999999993
32,PR_20100604_071834_221_LC16.tif,-483.62519816454005,95.65624822889731,56.2130709623057,0.9655623,147.22460876780198,-43.615638887473004,3330.386,623.0719999999997
33,PR_20100604_071852_219_LC16.tif,-476.79537657969803,98.3662902663645,57.397445573849105,0.8228711,147.22469337919398,-43.6156145000988,3348.384,641.0699999999997
34,PR_20100604_071853_223_LC16.tif,-476.764501191576,98.8242370551031,57.2794119194301,0.9673873,147.224693762087,-43.615610378361204,3349.388,642.0739999999996
35,PR_20100604_071854_226_LC16.tif,-476.688988318388,99.253318993179,57.10209992449371,0.9472427999999999,147.224694697931,-43.615606516450605,3350.3909999999996,643.0769999999993
36,PR_20100604_071855_256_LC16.tif,-476.67967051247706,99.64648523629391,57.1257472587452,0.92208517,147.224694813708,-43.615602977757504,3351.421,644.1069999999995
37,PR_20100604_072013_232_LC16.tif,-478.83249533540993,99.5472770158338,56.5849954101248,0.9770901,147.22466814407102,-43.6156038693019,3429.397,722.0829999999996
38,PR_20100604_072014_236_LC16.tif,-478.731638821611,99.0654393953633,56.2553200870296,0.9598120000000001,147.224669393072,-43.615608206154,3430.401,723.0869999999995
39,PR_20100604_072028_231_LC16.tif,-483.393352635152,95.1088011761665,56.43150936952661,0.98159444,147.224611639455,-43.6156438149294,3444.3959999999997,737.0819999999994
40,PR_20100604_072028_231_LC16.tif,-482.992530303022,96.279313344595,56.5065277259297,0.8857658000000002,147.22461660595602,-43.615633279975796,3444.3959999999997,737.0819999999994
41,PR_20100604_072029_255_LC16.tif,-483.403230553911,94.5943875676598,56.3620176325272,0.98276937,147.224611516626,-43.615648444910896,3445.42,738.1059999999998
42,PR_20100604_072029_255_LC16.tif,-482.779981883605,95.6516813317649,56.61220204621821,0.9710687,147.224619238482,-43.6156389291256,3445.42,738.1059999999998
43,PR_20100604_072030_238_LC16.tif,-483.415474936273,93.92500510346011,56.687958588666,0.99245983,147.224611364343,-43.6156544696906,3446.403,739.0889999999995
44,PR_20100604_072030_238_LC16.tif,-482.573029665252,94.93518063127041,56.5922051058745,0.8890875,147.224621801603,-43.615645378135795,3446.403,739.0889999999995
45,PR_20100604_072048_246_LC16.tif,-487.570493682332,90.35030297168221,56.109238977094,0.9599907,147.22455988802201,-43.6156866411463,3464.4109999999996,757.0969999999993
46,PR_20100604_072105_225_LC16.tif,-486.0554092272,90.32060619988621,56.533025777637995,0.97709113,147.224578657137,-43.615686909422706,3481.39,774.0759999999996
47,PR_20100604_072106_228_LC16.tif,-486.167687521762,90.7358409041963,56.4746045204835,0.982402,147.224577266586,-43.6156831720228,3482.393,775.0789999999997
48,PR_20100604_072107_232_LC16.tif,-486.185090071511,91.16487901396151,56.6077485370711,0.84420955,147.224577051386,-43.6156793104471,3483.397,776.0829999999996
49,PR_20100604_072120_281_LC16.tif,-483.421109331762,95.03938178691809,56.418864611429605,0.97495633,147.224611295538,-43.6156444397217,3496.446,789.1319999999996
50,PR_20100604_072121_234_LC16.tif,-483.33899911767304,95.77582334777522,56.4900490731126,0.97514504,147.224612313392,-43.615637811420896,3497.3990000000003,790.085
51,PR_20100604_072135_276_LC16.tif,-480.05470628635203,98.9067987769334,56.4088007142453,0.90891635,147.224653002553,-43.615609633149994,3511.441,804.1269999999995
52,PR_20100604_072136_252_LC16.tif,-479.840570860219,99.6389913422454,55.979118322827205,0.9033948,147.224655655947,-43.615603043177,3512.417,805.1029999999996
53,PR_20100604_072159_279_LC16.tif,-472.288249130915,106.303915844945,57.86322473425321,0.9315549999999999,147.224749221168,-43.6155430602429,3535.4440000000004,828.1300000000001
54,PR_20100604_072200_286_LC16.tif,-472.068065319908,106.61354386615801,57.8249855791632,0.9601867000000001,147.224751949109,-43.615540273570396,3536.4509999999996,829.1369999999993
55,PR_20100604_072201_232_LC16.tif,-471.896511722338,106.902198598741,57.8055852785271,0.99073225,147.224754074593,-43.615537675637505,3537.397,830.0829999999996
56,PR_20100604_072202_247_LC16.tif,-471.775278275047,107.37119125019899,57.6802098224821,0.9774185,147.22475557686002,-43.615533454538294,3538.4120000000003,831.098
57,PR_20100604_072203_239_LC16.tif,-471.484939120096,108.00019173400699,57.506201834739294,0.9711511,147.224759174173,-43.6155277933931,3539.4040000000005,832.0900000000001
58,PR_20100604_072304_263_LC16.tif,-479.850915963406,100.239755164364,56.36302435959371,0.9414415,147.224655528323,-43.6155976359859,3600.428,893.1139999999996
59,PR_20100604_072305_241_LC16.tif,-480.01825008664804,99.63321533631121,56.24802088615021,0.8851541999999999,147.224653454822,-43.6156030950496,3601.406,894.0919999999996
60,PR_20100604_072321_250_LC16.tif,-485.76988808997703,94.54733420915909,56.486961465540894,0.93596154,147.22458219801902,-43.615648866875894,3617.415,910.1009999999997
61,PR_20100604_072322_246_LC16.tif,-485.692005149154,94.12503279971409,56.5670043981189,0.9516396999999999,147.224583162467,-43.6156526678573,3618.4109999999996,911.0969999999993
62,PR_20100604_072323_249_LC16.tif,-485.682015071342,93.926483806287,56.6038376906648,0.97494894,147.224583286048,-43.61565445490721,3619.414,912.0999999999999
63,PR_20100604_072324_253_LC16.tif,-485.79521765960504,93.86371998917092,56.60207223575439,0.9494948000000001,147.224581883618,-43.6156550197401,3620.4179999999997,913.1039999999994
64,PR_20100604_072325_277_LC16.tif,-486.057684501821,93.7708312737282,56.5037135212463,0.948997,147.224578632049,-43.6156558556153,3621.442,914.1279999999997
65,PR_20100604_072326_283_LC16.tif,-486.243450941668,93.59726238260929,56.4833842056697,0.95131296,147.224576330586,-43.6156574177036,3622.448,915.1339999999996
66,PR_20100604_072329_250_LC16.tif,-488.007378453975,93.7983988325587,56.22649689514711,0.91864663,147.22455447892298,-43.6156556062183,3625.415,918.1009999999997
67,PR_20100604_072330_246_LC16.tif,-487.80881525952105,92.95726013969391,56.2913321490885,0.98114634,147.224556938001,-43.615663177030605,3626.4109999999996,919.0969999999993
68,PR_20100604_072331_250_LC16.tif,-487.674567263644,91.97603669417481,56.353566506449795,0.95601815,147.22455860020398,-43.6156720086358,3627.415,920.1009999999997
69,PR_20100604_072357_260_LC16.tif,-487.417982413685,94.2363392157596,56.434016365333996,0.9056388000000001,147.224561780859,-43.6156516649148,3653.425,946.1109999999999
70,PR_20100604_072418_252_LC16.tif,-480.88853786527295,100.169181924796,55.97331521329129,0.9376870999999999,147.22464267403,-43.6155982705124,3674.417,967.1029999999996
71,PR_20100604_072419_256_LC16.tif,-480.90984060445504,100.789579765689,55.833217389314,0.9242690999999998,147.22464241068002,-43.61559268659779,3675.421,968.1069999999995
72,PR_20100604_072420_276_LC16.tif,-480.021924351239,101.03130150394001,55.6340503829564,0.8867676,147.22465341054502,-43.6155905115501,3676.441,969.1269999999995
73,PR_20100604_072420_276_LC16.tif,-480.947297258828,101.371868634666,55.9041968758296,0.83161354,147.22464194717801,-43.61558744567329,3676.441,969.1269999999995
74,PR_20100604_072421_263_LC16.tif,-479.72206067801596,101.891167109888,56.62128567686621,0.83637387,147.224657126067,-43.615582772509,3677.428,970.1139999999996
75,PR_20100604_072620_275_LC16.tif,-486.67680971014295,96.31590882980171,56.1382550055219,0.9922748,147.224570964506,-43.6156329481997,3796.44,1089.1259999999997
76,PR_20100604_072621_278_LC16.tif,-486.49668356950303,95.63703814680409,56.072082058615706,0.99265665,147.224573195329,-43.6156390585038,3797.4429999999998,1090.1289999999995
77,PR_20100604_072622_281_LC16.tif,-486.25113770580003,94.9081719804392,56.3635920972783,0.9293604999999999,147.224576236539,-43.61564561883579,3798.446,1091.1319999999996
78,PR_20100604_072623_285_LC16.tif,-488.098047031754,94.6527788008696,56.1563990281814,0.8233971999999999,147.22455335647498,-43.61564791629829,3799.45,1092.1359999999995
79,PR_20100604_072624_288_LC16.tif,-487.792738234905,93.85305254809151,56.448240420812596,0.8736294,147.224557137973,-43.6156551144472,3800.453,1093.1389999999997
80,PR_20100604_072625_265_LC16.tif,-487.564449947119,93.23226801341559,56.360638992717,0.95678777,147.224559965489,-43.615660701977795,3801.43,1094.1159999999995
81,PR_20100604_072632_289_LC16.tif,-489.523044407403,93.39145598663141,55.6451880968812,0.94380003,147.22453570221901,-43.6156592679194,3808.454,1101.1399999999999
82,PR_20100604_072633_266_LC16.tif,-489.581411591697,92.87464065051209,55.61753798553679,0.9687405000000001,147.224534978689,-43.6156639194858,3809.4309999999996,1102.1169999999993
83,PR_20100604_072634_270_LC16.tif,-489.617816945617,92.29592605651881,55.5974786678847,0.954564,147.224534527169,-43.6156691281918,3810.435,1103.1209999999996
84,PR_20100604_072652_279_LC16.tif,-487.922356402956,93.17816947364109,56.36971277113621,0.8781824,147.224555531632,-43.615661188658294,3828.4440000000004,1121.13
85,PR_20100604_072653_303_LC16.tif,-488.163059070616,93.932565296107,56.1315947644393,0.99392843,147.224552550445,-43.6156543985489,3829.468,1122.1539999999995
86,PR_20100604_072659_276_LC16.tif,-487.301285667452,94.77324901608691,56.390978978687,0.9756939,147.224563227002,-43.6156468325258,3835.441,1128.1269999999995
87,PR_20100604_072659_276_LC16.tif,-486.66885927592597,95.1650021314089,56.1938093926238,0.9593434000000001,147.224571061962,-43.61564330695911,3835.441,1128.1269999999995
88,PR_20100604_072700_296_LC16.tif,-487.118446769486,95.54546504158729,56.062502017286995,0.9919355,147.224565492737,-43.6156398823027,3836.461,1129.1469999999995
89,PR_20100604_072701_283_LC16.tif,-487.057513911866,96.25228027159929,56.1304748124477,0.97981346,147.22456624822,-43.615633520640706,3837.448,1130.1339999999996
90,PR_20100604_072722_276_LC16.tif,-481.38014837190997,102.14025399678002,55.6115686787109,0.9401851000000001,147.224636585632,-43.61558052952889,3858.441,1151.1269999999995
91,PR_20100604_072736_297_LC16.tif,-477.597580172741,106.417892792701,57.97030307947411,0.9798695,147.224683448467,-43.6155420310065,3872.462,1165.1479999999997
92,PR_20100604_072737_275_LC16.tif,-477.393994354182,107.016851479555,57.8120674700673,0.9752905999999999,147.224685971047,-43.6155366401996,3873.44,1166.1259999999997
93,PR_20100604_072738_278_LC16.tif,-477.2417395176099,107.44840342201401,57.958854090901696,0.96254104,147.224687857584,-43.6155327561069,3874.4429999999998,1167.1289999999995
94,PR_20100604_072739_281_LC16.tif,-476.959674987917,107.744805569001,57.858406964790795,0.9095103000000001,147.224691352103,-43.61553008851521,3875.446,1168.1319999999996
95,PR_20100604_072822_296_LC16.tif,-472.00792086311503,111.15430358108999,57.6718852653704,0.88993573,147.224752698148,-43.615499404427005,3918.461,1211.1469999999995
96,PR_20100604_072901_319_LC16.tif,-482.185072065167,103.22437757323999,56.6158588666883,0.9164303,147.22462661507402,-43.6155707713365,3957.4840000000004,1250.17
97,PR_20100604_072902_325_LC16.tif,-482.273343360075,103.00779076597401,56.739392021087504,0.9529584999999999,147.224625521362,-43.6155727206724,3958.49,1251.1759999999995
98,PR_20100604_072903_305_LC16.tif,-482.368347862321,102.781609163524,55.9087236925834,0.85092074,147.22462434423,-43.61557475636211,3959.47,1252.1559999999995
99,PR_20100604_072916_297_LC16.tif,-485.99893057962095,99.2908838542119,56.2432813045477,0.8309545,147.22457936486,-43.6156061723317,3972.462,1265.1479999999997
100,PR_20100604_072917_300_LC16.tif,-485.941767737138,98.79199715276042,56.2867071536444,0.9417203000000002,147.224580072555,-43.61561066260679,3973.465,1266.1509999999998
101,PR_20100604_072925_322_LC16.tif,-489.33478265935304,96.95080701999771,55.5858265443164,0.8692110000000001,147.224538037657,-43.6156272320471,3981.487,1274.1729999999998
102,PR_20100604_072926_328_LC16.tif,-489.287676153558,96.85785021317791,55.67653329120271,0.8876873,147.224538621136,-43.615628068737294,3982.493,1275.1789999999996
103,PR_20100604_072927_308_LC16.tif,-489.120147593952,96.5148845055212,55.6238013500575,0.9605368000000001,147.224540696199,-43.6156311557156,3983.473,1276.1589999999997
104,PR_20100604_072928_311_LC16.tif,-488.88987972297895,96.0542696023699,55.7151393365907,0.97605795,147.22454354838,-43.615635301638605,3984.4759999999997,1277.1619999999994
105,PR_20100604_072929_288_LC16.tif,-488.63246059430395,95.4591964130488,56.0696833420887,0.95920616,147.22454673679502,-43.61564065777329,3985.453,1278.1389999999997
106,PR_20100604_072930_303_LC16.tif,-488.367118940714,94.9498220606999,56.1683525143454,0.86305124,147.22455002343398,-43.6156452425793,3986.468,1279.1539999999995
107,PR_20100604_072931_309_LC16.tif,-489.75062467792395,95.09843190708759,55.7489080992425,0.8889893,147.224532884459,-43.6156439041057,3987.474,1280.1599999999999
108,PR_20100604_072935_309_LC16.tif,-490.73723499848296,93.87763490855171,55.6093588086939,0.85241127,147.22452066105302,-43.615654891259396,3991.474,1284.1599999999999
109,PR_20100604_072936_342_LC16.tif,-490.64002111305496,93.7818877271175,55.658127925843104,0.9170939,147.224521865269,-43.6156557530975,3992.507,1285.1929999999998
110,PR_20100604_072937_289_LC16.tif,-490.629423483586,93.84613158974241,55.63288853042,0.95742637,147.224521996612,-43.6156551748765,3993.454,1286.1399999999999
111,PR_20100604_072940_299_LC16.tif,-491.72532714623395,94.58828858256159,54.593235782715595,0.9820188,147.22450842103999,-43.615648494358,3996.4640000000004,1289.15
112,PR_20100604_072941_303_LC16.tif,-491.78591135062004,94.36732766212471,54.5858120971105,0.97976774,147.224507670311,-43.6156504830803,3997.468,1290.1539999999995
113,PR_20100604_072942_306_LC16.tif,-491.785403905581,94.0395998319095,54.8415233775023,0.9207825999999999,147.2245076763,-43.61565343280029,3998.4709999999995,1291.1569999999992
114,PR_20100604_072948_318_LC16.tif,-491.70186689270895,95.0558726181827,54.358037721243704,0.9266593000000001,147.224508712094,-43.6156442858759,4004.4829999999997,1297.1689999999994
115,PR_20100604_073020_305_LC16.tif,-483.580536377367,103.185907211773,56.8112084176814,0.9626440999999999,147.224609327807,-43.6155711166851,4036.47,1329.1559999999995
116,PR_20100604_073049_306_LC16.tif,-475.355015359954,110.742605890811,57.5439124341586,0.9124462999999999,147.22471123350002,-43.615503107790396,4065.4709999999995,1358.1569999999992
117,PR_20100604_073050_313_LC16.tif,-475.27786128296503,111.174416708288,57.7859603756971,0.9856801,147.22471218967502,-43.615499221319396,4066.478,1359.1639999999998
118,PR_20100604_073051_305_LC16.tif,-475.28544629861295,111.727127876471,57.8460230448759,0.93741184,147.22471209619601,-43.61549424662871,4067.47,1360.1559999999995
119,PR_20100604_073054_315_LC16.tif,-472.733740470165,113.08389717075899,57.7517875757446,0.9358051,147.224743708276,-43.6154820366282,4070.48,1363.1659999999997
120,PR_20100604_073055_319_LC16.tif,-472.720785170753,113.56451052685301,57.476597280513296,0.9172065999999999,147.22474386918802,-43.6154777108681,4071.4840000000004,1364.17
121,PR_20100604_073056_322_LC16.tif,-472.436795512359,114.17982163106899,57.6775702580354,0.8689708,147.22474738782802,-43.6154721729307,4072.487,1365.1729999999998
122,PR_20100604_073102_340_LC16.tif,-472.714038648347,112.98373052509199,57.7721450642127,0.8937196,147.224743952257,-43.6154829381923,4078.505,1371.1909999999998
123,PR_20100604_073103_320_LC16.tif,-473.07163155139006,113.002138567516,57.719644003277594,0.909449,147.224739522362,-43.6154827722834,4079.485,1372.1709999999998
124,PR_20100604_073104_353_LC16.tif,-473.231696909159,113.005691099255,57.681653723005,0.9477095999999999,147.224737539453,-43.6154827402071,4080.518,1373.2039999999997
125,PR_20100604_073105_300_LC16.tif,-473.49627253562795,113.078173769812,57.6187164572666,0.9344264999999999,147.224734261917,-43.6154820876575,4081.465,1374.1509999999998
126,PR_20100604_073128_326_LC16.tif,-478.13732094153397,110.139120934218,58.0544366295724,0.91708666,147.224676765364,-43.6155085376859,4104.491,1397.1769999999997
127,PR_20100604_073149_340_LC16.tif,-482.46440667249396,105.25798233543001,56.742258179721404,0.9387039,147.224623156446,-43.6155524676631,4125.505,1418.1909999999998
128,PR_20100604_073156_317_LC16.tif,-483.909060138429,103.875713022228,56.419792939390604,0.9007282,147.22460525862,-43.615564907863394,4132.482,1425.1679999999997
129,PR_20100604_073157_320_LC16.tif,-483.971262852429,103.485678920205,56.4959394141373,0.9528846,147.224604487694,-43.6155684183312,4133.485,1426.1709999999994
130,PR_20100604_073158_323_LC16.tif,-484.049437246696,102.896033665329,56.80484221915461,0.99123174,147.22460351873002,-43.6155737253921,4134.488,1427.174
131,PR_20100604_073159_354_LC16.tif,-484.004271542761,102.248180489748,56.873530968701296,0.9046108,147.224604077671,-43.615579556434405,4135.519,1428.205
132,PR_20100604_073213_322_LC16.tif,-487.78108425420095,99.9460997969264,56.12087689079921,0.94175684,147.224557287836,-43.6156002738853,4149.487,1442.1729999999998
133,PR_20100604_073214_325_LC16.tif,-487.778373814165,99.07413482861021,56.00205479338679,0.9711494,147.224557320628,-43.6156081220218,4150.49,1443.1759999999995
134,PR_20100604_073230_328_LC16.tif,-491.42279906848097,96.26386885244939,54.8266829613367,0.833116,147.224512170332,-43.615633413470604,4166.4929999999995,1459.1789999999992
135,PR_20100604_073237_325_LC16.tif,-493.45432528391297,94.63638617428329,54.044721273831996,0.90637404,147.224487001954,-43.61564806031161,4173.49,1466.1759999999995
136,PR_20100604_073238_328_LC16.tif,-493.266010634903,94.8540469586631,53.9200218234408,0.9352007999999999,147.22448933502702,-43.615646101376896,4174.4929999999995,1467.1789999999992
137,PR_20100604_073239_332_LC16.tif,-493.08972398768,95.0004982122958,53.86704630605411,0.8933546999999998,147.22449151903,-43.6156447833568,4175.497,1468.183
138,PR_20100604_073306_318_LC16.tif,-488.161191923564,100.908590065168,56.2098086726314,0.9717329,147.224552579868,-43.6155916107271,4202.483,1495.1689999999999
139,PR_20100604_073307_322_LC16.tif,-488.116530729467,101.396482046421,56.1749749538894,0.98283005,147.22455313357798,-43.6155872194767,4203.487,1496.1729999999998
140,PR_20100604_073308_325_LC16.tif,-486.892799722451,102.239139000168,56.2899244019228,0.9732904,147.224568294113,-43.6155796359301,4204.49,1497.1759999999995
141,PR_20100604_073309_329_LC16.tif,-486.792056301065,102.780100197627,56.42339221892679,0.9472870999999999,147.224569542626,-43.615574767065894,4205.494000000001,1498.1800000000003
142,PR_20100604_073328_341_LC16.tif,-480.094392089558,108.406693429018,57.6558350338153,0.9718027,147.224652519345,-43.6155241291691,4224.505999999999,1517.191999999999
143,PR_20100604_073329_318_LC16.tif,-479.82812474177695,109.17376114017901,58.092319113492,0.8825904,147.224655818585,-43.615517225335296,4225.483,1518.1689999999999
144,PR_20100604_073429_339_LC16.tif,-481.318277873587,109.459991536486,57.7523615429525,0.97608966,147.224637358603,-43.6155146481526,4285.504,1578.1899999999996
145,PR_20100604_073430_342_LC16.tif,-481.34067143520997,109.415667064564,57.7096034253403,0.9551868,147.224637081149,-43.615515047081296,4286.5070000000005,1579.1930000000002
146,PR_20100604_073431_346_LC16.tif,-481.4359463458,109.449199201488,57.6238801716601,0.8989041999999999,147.224635900899,-43.615514745213204,4287.5109999999995,1580.1969999999992
147,PR_20100604_073432_349_LC16.tif,-481.553126831016,109.44675279369801,57.52095656539289,0.8758183,147.22463444924801,-43.6155147671564,4288.514,1581.1999999999998
148,PR_20100604_073434_330_LC16.tif,-481.20846864024,108.75614770728599,57.801192946297995,0.96186846,147.22463871831002,-43.6155209831814,4290.495,1583.1809999999996
149,PR_20100604_073435_347_LC16.tif,-480.97562872058,108.176540407861,57.1383471398907,0.86823106,147.22464160225002,-43.6155262000967,4291.512,1584.1979999999994
150,PR_20100604_073509_344_LC16.tif,-486.834097043173,102.91641137213499,56.5094443339824,0.9323429,147.224569021941,-43.6155735401675,4325.509,1618.1949999999997
151,PR_20100604_073510_347_LC16.tif,-486.858415446658,102.62017032057501,56.347258532614795,0.88969195,147.224568720414,-43.615576206473996,4326.512,1619.1979999999994
152,PR_20100604_073511_351_LC16.tif,-487.05570591810203,102.454165302255,56.2685334120904,0.9452072,147.224566276199,-43.6155777004759,4327.516,1620.2019999999993
153,PR_20100604_073512_354_LC16.tif,-487.2099943437099,102.366045103015,56.228061160870105,0.95040745,147.22456436477,-43.61557849350229,4328.519,1621.205
154,PR_20100604_073513_331_LC16.tif,-487.336016230747,102.39403272610399,56.25478998355079,0.8867142,147.224562803616,-43.6155782415168,4329.496,1622.1819999999998
155,PR_20100604_073530_347_LC16.tif,-491.882621772035,99.6153555922662,55.4649514725817,0.95952535,147.224506477015,-43.61560324805679,4346.512,1639.1979999999994
156,PR_20100604_073531_340_LC16.tif,-491.752337780214,98.8886298186857,55.5505253025306,0.9448796,147.224508090335,-43.6156097890498,4347.505,1640.1909999999998
157,PR_20100604_073532_360_LC16.tif,-491.73019555336,98.1253486544618,55.5305673583086,0.95070356,147.22450836394302,-43.6156166589889,4348.525,1641.2109999999993
158,PR_20100604_073601_337_LC16.tif,-491.68260937145897,97.76386608683859,55.466695308913096,0.93049866,147.22450895312,-43.615619912549896,4377.502,1670.188
159,PR_20100604_073602_340_LC16.tif,-492.447318965622,98.19460314466178,55.4922616558493,0.9910663000000001,147.224499480161,-43.615616035189,4378.505,1671.1909999999998
160,PR_20100604_073603_344_LC16.tif,-493.12727136362196,98.3576357240069,55.3457360560401,0.90490377,147.224491056945,-43.615614567361796,4379.509,1672.1949999999997
161,PR_20100604_073631_387_LC16.tif,-485.080002320876,106.908261940033,56.574017539168395,0.93669546,147.224590755522,-43.615537612596206,4407.552,1700.2379999999994
162,PR_20100604_073634_344_LC16.tif,-483.27049202185896,107.950604764261,56.585771187283896,0.93670624,147.22461317294,-43.6155282321488,4410.509,1703.1949999999997
163,PR_20100604_073635_361_LC16.tif,-483.28961200020797,108.634004240799,56.505901062263604,0.9378178,147.224612936689,-43.6155220811884,4411.526,1704.2119999999995
164,PR_20100604_073642_346_LC16.tif,-481.82414260057504,110.92576453049101,57.677175361361996,0.9470373,147.22463109318198,-43.615501455111996,4418.5109999999995,1711.1969999999992
165,PR_20100604_073729_356_LC16.tif,-479.881221663655,112.63212303386999,57.880938505914095,0.95013964,147.224655163879,-43.6154860982586,4465.521,1758.2069999999994
166,PR_20100604_073730_351_LC16.tif,-479.887661196463,112.565739194454,57.9246229475261,0.9490216999999999,147.224655084046,-43.61548669574329,4466.516,1759.2019999999993
167,PR_20100604_073731_368_LC16.tif,-479.828919131935,112.479649187784,57.9362004628094,0.8953955,147.224655811675,-43.6154874706357,4467.532999999999,1760.2189999999991
168,PR_20100604_073737_356_LC16.tif,-482.60088716583704,111.46057896216699,57.436509071592596,0.93684715,147.224621471235,-43.6154966410032,4473.521,1766.2069999999994
169,PR_20100604_073738_362_LC16.tif,-482.427295534958,111.13753978835199,57.4140937561598,0.95626944,147.224623621425,-43.6154995486349,4474.527,1767.2129999999997
170,PR_20100604_073739_355_LC16.tif,-482.248199034431,110.51539099218901,57.527077005618494,0.96676016,147.224625839544,-43.615505148411295,4475.52,1768.2060000000001
171,PR_20100604_073740_359_LC16.tif,-481.98824419403394,109.961578261122,57.5607613839799,0.8425187,147.224629059409,-43.615510133179995,4476.524,1769.21
172,PR_20100604_073825_355_LC16.tif,-491.87966920722704,101.797697849098,55.17783645193789,0.90082455,147.224506515576,-43.6155836058521,4521.52,1814.2060000000001
173,PR_20100604_073826_358_LC16.tif,-491.85820757641403,101.45843277608499,55.298316546917704,0.9242305000000001,147.224506781138,-43.615586659427,4522.523,1815.2089999999998
174,PR_20100604_073827_375_LC16.tif,-491.966354053369,100.795362972765,55.30896047134421,0.9270693000000001,147.22450544079902,-43.615592627326095,4523.54,1816.2259999999997
175,PR_20100604_073828_382_LC16.tif,-491.97957703250603,100.08785727113,55.275607945417,0.94864243,147.224505276347,-43.615598995233796,4524.5470000000005,1817.2330000000002
176,PR_20100604_073947_371_LC16.tif,-483.38000033701894,111.353353765094,57.028563927983,0.9638669,147.22461181937402,-43.6154976055801,4603.536,1896.2219999999998
177,PR_20100604_073948_375_LC16.tif,-483.187802262435,112.17234203357401,57.106909010238105,0.82409436,147.224614201082,-43.6154902343876,4604.54,1897.2259999999997
